{
    "grado": "Comunicación Audiovisual",
    "universidad": "Universidad de Barcelona",
    "periodo_grado": "2015 - 2020",
    "cursos": [
      {
        "nombre": "Curso Python",
        "institucion": "Escola Espai",
        "periodo": "2020 - 2021"
      },
      {
        "nombre": "Soastica Jesus López",
        "institucion": "Curso Machine Learning",
        "periodo": "2020 - 2021"
      },
      {
        "nombre": "Curso de Quality Assurance",
        "institucion": "Specialisterne y fundación Esplai",
        "periodo": "Marzo 2023 - Mayo 2023",
        "horas": 206
      }
    ]
  }